[Header],,,,,,,,,
IEMFileVersion,4,,,,,,,,
Investigator Name,Julie Chapados - Song Wang,,,,,,,,
Experiment Name,MiSeq_Tailed_Amplicon_TA57,,,,,,,,
Date,2017-10-02,,,,,,,,
Workflow,GenerateFASTQ,,,,,,,,
Application,FASTQ Only,,,,,,,,
Assay,Nextera,,,,,,,,
Description,,,,,,,,,
Chemistry,Amplicon,,,,,,,,
,,,,,,,,,
[Reads],,,,,,,,,
301,,,,,,,,,
301,,,,,,,,,
,,,,,,,,,
[Settings],,,,,,,,,
ReverseComplement,0,,,,,,,,
Adapter,CTGTCTCTTATACACATCT,,,,,,,,
,,,,,,,,,
[Data],,,,,,,,,
Sample_ID,Sample_Name,Sample_Plate,Sample_Well,I7_Index_ID,index,I5_Index_ID,index2,Sample_Project,Description
1540,1540,,,SA701,CGAGAGTT,SA501,ATCGTACG,,
1589,1589,,,SA701,CGAGAGTT,SA502,ACTATCTG,,
1600,1600,,,SA701,CGAGAGTT,SA503,TAGCGAGT,,
1601,1601,,,SA701,CGAGAGTT,SA504,CTGCGTGT,,
1615,1615,,,SA701,CGAGAGTT,SA505,TCATCGAG,,
1616,1616,,,SA701,CGAGAGTT,SA506,CGTGAGTG,,
1617,1617,,,SA701,CGAGAGTT,SA507,GGATATCT,,
1628,1628,,,SA701,CGAGAGTT,SA508,GACACCGT,,
1629,1629,,,SA702,GACATAGT,SA501,ATCGTACG,,
1642,1642,,,SA702,GACATAGT,SA502,ACTATCTG,,
1651,1651,,,SA702,GACATAGT,SA503,TAGCGAGT,,
1654,1654,,,SA702,GACATAGT,SA504,CTGCGTGT,,
1655,1655,,,SA702,GACATAGT,SA505,TCATCGAG,,
1661,1661,,,SA702,GACATAGT,SA506,CGTGAGTG,,
1663,1663,,,SA702,GACATAGT,SA507,GGATATCT,,
3008,3008,,,SA702,GACATAGT,SA508,GACACCGT,,
3091,3091,,,SA703,ACGCTACT,SA501,ATCGTACG,,
3131,3131,,,SA703,ACGCTACT,SA502,ACTATCTG,,
3134,3134,,,SA703,ACGCTACT,SA503,TAGCGAGT,,
3170,3170,,,SA703,ACGCTACT,SA504,CTGCGTGT,,
3208,3208,,,SA703,ACGCTACT,SA505,TCATCGAG,,
3242,3242,,,SA703,ACGCTACT,SA506,CGTGAGTG,,
3276,3276,,,SA703,ACGCTACT,SA507,GGATATCT,,
3307,3307,,,SA703,ACGCTACT,SA508,GACACCGT,,
3333,3333,,,SA704,ACTCACTG,SA501,ATCGTACG,,
3557,3557,,,SA704,ACTCACTG,SA502,ACTATCTG,,
3714,3714,,,SA704,ACTCACTG,SA503,TAGCGAGT,,
4072,4072,,,SA704,ACTCACTG,SA504,CTGCGTGT,,
4086,4086,,,SA704,ACTCACTG,SA505,TCATCGAG,,
4099,4099,,,SA704,ACTCACTG,SA506,CGTGAGTG,,
4131,4131,,,SA704,ACTCACTG,SA507,GGATATCT,,
4140,4140,,,SA704,ACTCACTG,SA508,GACACCGT,,
4191,4191,,,SA705,TGAGTACG,SA501,ATCGTACG,,
4487,4487,,,SA705,TGAGTACG,SA502,ACTATCTG,,
4495,4495,,,SA705,TGAGTACG,SA503,TAGCGAGT,,
4498,4498,,,SA705,TGAGTACG,SA504,CTGCGTGT,,
4499,4499,,,SA705,TGAGTACG,SA505,TCATCGAG,,
4500,4500,,,SA705,TGAGTACG,SA506,CGTGAGTG,,
4502,4502,,,SA705,TGAGTACG,SA507,GGATATCT,,
4503,4503,,,SA705,TGAGTACG,SA508,GACACCGT,,
4509,4509,,,SA706,CTGCGTAG,SA501,ATCGTACG,,
4513,4513,,,SA706,CTGCGTAG,SA502,ACTATCTG,,
4515,4515,,,SA706,CTGCGTAG,SA503,TAGCGAGT,,
4516,4516,,,SA706,CTGCGTAG,SA504,CTGCGTGT,,
4517,4517,,,SA706,CTGCGTAG,SA505,TCATCGAG,,
4522,4522,,,SA706,CTGCGTAG,SA506,CGTGAGTG,,
4531,4531,,,SA706,CTGCGTAG,SA507,GGATATCT,,
4551,4551,,,SA706,CTGCGTAG,SA508,GACACCGT,,
1571,1571,,,SA707,TAGTCTCC,SA501,ATCGTACG,,
1575,1575,,,SA707,TAGTCTCC,SA502,ACTATCTG,,
1579,1579,,,SA707,TAGTCTCC,SA503,TAGCGAGT,,
1587,1587,,,SA707,TAGTCTCC,SA504,CTGCGTGT,,
1611,1611,,,SA707,TAGTCTCC,SA505,TCATCGAG,,
1638,1638,,,SA707,TAGTCTCC,SA506,CGTGAGTG,,
3003,3003,,,SA707,TAGTCTCC,SA507,GGATATCT,,
3021,3021,,,SA707,TAGTCTCC,SA508,GACACCGT,,
3023,3023,,,SA708,CGAGCGAC,SA501,ATCGTACG,,
3034,3034,,,SA708,CGAGCGAC,SA502,ACTATCTG,,
3054,3054,,,SA708,CGAGCGAC,SA503,TAGCGAGT,,
3108,3108,,,SA708,CGAGCGAC,SA504,CTGCGTGT,,
3135,3135,,,SA708,CGAGCGAC,SA505,TCATCGAG,,
3155,3155,,,SA708,CGAGCGAC,SA506,CGTGAGTG,,
3174,3174,,,SA708,CGAGCGAC,SA507,GGATATCT,,
3175,3175,,,SA708,CGAGCGAC,SA508,GACACCGT,,
3178,3178,,,SA709,ACTACGAC,SA501,ATCGTACG,,
3183,3183,,,SA709,ACTACGAC,SA502,ACTATCTG,,
3187,3187,,,SA709,ACTACGAC,SA503,TAGCGAGT,,
3193,3193,,,SA709,ACTACGAC,SA504,CTGCGTGT,,
3196,3196,,,SA709,ACTACGAC,SA505,TCATCGAG,,
3202,3202,,,SA709,ACTACGAC,SA506,CGTGAGTG,,
3203,3203,,,SA709,ACTACGAC,SA507,GGATATCT,,
3205,3205,,,SA709,ACTACGAC,SA508,GACACCGT,,
3219,3219,,,SA710,GTCTGCTA,SA501,ATCGTACG,,
3229,3229,,,SA710,GTCTGCTA,SA502,ACTATCTG,,
3240,3240,,,SA710,GTCTGCTA,SA503,TAGCGAGT,,
3248,3248,,,SA710,GTCTGCTA,SA504,CTGCGTGT,,
3251,3251,,,SA710,GTCTGCTA,SA505,TCATCGAG,,
3252,3252,,,SA710,GTCTGCTA,SA506,CGTGAGTG,,
3263,3263,,,SA710,GTCTGCTA,SA507,GGATATCT,,
3264,3264,,,SA710,GTCTGCTA,SA508,GACACCGT,,
3266,3266,,,SA711,GTCTATGA,SA501,ATCGTACG,,
3268,3268,,,SA711,GTCTATGA,SA502,ACTATCTG,,
3269,3269,,,SA711,GTCTATGA,SA503,TAGCGAGT,,
3277,3277,,,SA711,GTCTATGA,SA504,CTGCGTGT,,
3281,3281,,,SA711,GTCTATGA,SA505,TCATCGAG,,
3288,3288,,,SA711,GTCTATGA,SA506,CGTGAGTG,,
3289,3289,,,SA711,GTCTATGA,SA507,GGATATCT,,
3301,3301,,,SA711,GTCTATGA,SA508,GACACCGT,,
3313,3313,,,SA712,TATAGCGA,SA501,ATCGTACG,,
3321,3321,,,SA712,TATAGCGA,SA502,ACTATCTG,,
3324,3324,,,SA712,TATAGCGA,SA503,TAGCGAGT,,
3326,3326,,,SA712,TATAGCGA,SA504,CTGCGTGT,,
4645,4645,,,SA712,TATAGCGA,SA505,TCATCGAG,,
4806,4806,,,SA712,TATAGCGA,SA506,CGTGAGTG,,
4862,4862,,,SA712,TATAGCGA,SA507,GGATATCT,,
4957,4957,,,SA712,TATAGCGA,SA508,GACACCGT,,
1433,1433,,,SB701,CTCGACTT,SA501,ATCGTACG,,
1468,1468,,,SB701,CTCGACTT,SA502,ACTATCTG,,
1475,1475,,,SB701,CTCGACTT,SA503,TAGCGAGT,,
1496,1496,,,SB701,CTCGACTT,SA504,CTGCGTGT,,
1506,1506,,,SB701,CTCGACTT,SA505,TCATCGAG,,
1536,1536,,,SB701,CTCGACTT,SA506,CGTGAGTG,,
1542,1542,,,SB701,CTCGACTT,SA507,GGATATCT,,
1586,1586,,,SB701,CTCGACTT,SA508,GACACCGT,,
1724,1724,,,SB702,CGAAGTAT,SA501,ATCGTACG,,
1812,1812,,,SB702,CGAAGTAT,SA502,ACTATCTG,,
1824,1824,,,SB702,CGAAGTAT,SA503,TAGCGAGT,,
184,184,,,SB702,CGAAGTAT,SA504,CTGCGTGT,,
1849,1849,,,SB702,CGAAGTAT,SA505,TCATCGAG,,
1860,1860,,,SB702,CGAAGTAT,SA506,CGTGAGTG,,
1869,1869,,,SB702,CGAAGTAT,SA507,GGATATCT,,
1927,1927,,,SB702,CGAAGTAT,SA508,GACACCGT,,
1946,1946,,,SB703,TAGCAGCT,SA501,ATCGTACG,,
1957,1957,,,SB703,TAGCAGCT,SA502,ACTATCTG,,
1981,1981,,,SB703,TAGCAGCT,SA503,TAGCGAGT,,
1988,1988,,,SB703,TAGCAGCT,SA504,CTGCGTGT,,
2002,2002,,,SB703,TAGCAGCT,SA505,TCATCGAG,,
2004,2004,,,SB703,TAGCAGCT,SA506,CGTGAGTG,,
2007,2007,,,SB703,TAGCAGCT,SA507,GGATATCT,,
2017,2017,,,SB703,TAGCAGCT,SA508,GACACCGT,,
2028,2028,,,SB704,TCTCTATG,SA501,ATCGTACG,,
2041,2041,,,SB704,TCTCTATG,SA502,ACTATCTG,,
2049,2049,,,SB704,TCTCTATG,SA503,TAGCGAGT,,
2052,2052,,,SB704,TCTCTATG,SA504,CTGCGTGT,,
2056,2056,,,SB704,TCTCTATG,SA505,TCATCGAG,,
2063,2063,,,SB704,TCTCTATG,SA506,CGTGAGTG,,
2074,2074,,,SB704,TCTCTATG,SA507,GGATATCT,,
2088,2088,,,SB704,TCTCTATG,SA508,GACACCGT,,
2094,2094,,,SB705,GATCTACG,SA501,ATCGTACG,,
2096,2096,,,SB705,GATCTACG,SA502,ACTATCTG,,
2115,2115,,,SB705,GATCTACG,SA503,TAGCGAGT,,
2124,2124,,,SB705,GATCTACG,SA504,CTGCGTGT,,
2126,2126,,,SB705,GATCTACG,SA505,TCATCGAG,,
2145,2145,,,SB705,GATCTACG,SA506,CGTGAGTG,,
2169,2169,,,SB705,GATCTACG,SA507,GGATATCT,,
2180,2180,,,SB705,GATCTACG,SA508,GACACCGT,,
2510,2510,,,SB706,GTAACGAG,SA501,ATCGTACG,,
3042,3042,,,SB706,GTAACGAG,SA502,ACTATCTG,,
3048,3048,,,SB706,GTAACGAG,SA503,TAGCGAGT,,
3128,3128,,,SB706,GTAACGAG,SA504,CTGCGTGT,,
3180,3180,,,SB706,GTAACGAG,SA505,TCATCGAG,,
3186,3186,,,SB706,GTAACGAG,SA506,CGTGAGTG,,
3195,3195,,,SB706,GTAACGAG,SA507,GGATATCT,,
3209,3209,,,SB706,GTAACGAG,SA508,GACACCGT,,
1369,1369,,,SB707,ACGTGCGC,SA501,ATCGTACG,,
1426,1426,,,SB707,ACGTGCGC,SA502,ACTATCTG,,
1488,1488,,,SB707,ACGTGCGC,SA503,TAGCGAGT,,
1549,1549,,,SB707,ACGTGCGC,SA504,CTGCGTGT,,
1594,1594,,,SB707,ACGTGCGC,SA505,TCATCGAG,,
1641,1641,,,SB707,ACGTGCGC,SA506,CGTGAGTG,,
1646,1646,,,SB707,ACGTGCGC,SA507,GGATATCT,,
1673,1673,,,SB707,ACGTGCGC,SA508,GACACCGT,,
1752,1752,,,SB708,ATAGTACC,SA501,ATCGTACG,,
1726,1726,,,SB708,ATAGTACC,SA502,ACTATCTG,,
1728,1728,,,SB708,ATAGTACC,SA503,TAGCGAGT,,
1735,1735,,,SB708,ATAGTACC,SA504,CTGCGTGT,,
1779,1779,,,SB708,ATAGTACC,SA505,TCATCGAG,,
1781,1781,,,SB708,ATAGTACC,SA506,CGTGAGTG,,
1796,1796,,,SB708,ATAGTACC,SA507,GGATATCT,,
1797,1797,,,SB708,ATAGTACC,SA508,GACACCGT,,
1801,1801,,,SB709,GCGTATAC,SA501,ATCGTACG,,
1809,1809,,,SB709,GCGTATAC,SA502,ACTATCTG,,
1838,1838,,,SB709,GCGTATAC,SA503,TAGCGAGT,,
1841,1841,,,SB709,GCGTATAC,SA504,CTGCGTGT,,
1877,1877,,,SB709,GCGTATAC,SA505,TCATCGAG,,
1963,1963,,,SB709,GCGTATAC,SA506,CGTGAGTG,,
1975,1975,,,SB709,GCGTATAC,SA507,GGATATCT,,
1985,1985,,,SB709,GCGTATAC,SA508,GACACCGT,,
2011,2011,,,SB710,TGCTCGTA,SA501,ATCGTACG,,
2034,2034,,,SB710,TGCTCGTA,SA502,ACTATCTG,,
2042,2042,,,SB710,TGCTCGTA,SA503,TAGCGAGT,,
2046,2046,,,SB710,TGCTCGTA,SA504,CTGCGTGT,,
2076,2076,,,SB710,TGCTCGTA,SA505,TCATCGAG,,
2083,2083,,,SB710,TGCTCGTA,SA506,CGTGAGTG,,
2139,2139,,,SB710,TGCTCGTA,SA507,GGATATCT,,
2146,2146,,,SB710,TGCTCGTA,SA508,GACACCGT,,
2167,2167,,,SB711,AACGCTGA,SA501,ATCGTACG,,
2178,2178,,,SB711,AACGCTGA,SA502,ACTATCTG,,
2182,2182,,,SB711,AACGCTGA,SA503,TAGCGAGT,,
2184,2184,,,SB711,AACGCTGA,SA504,CTGCGTGT,,
2495,2495,,,SB711,AACGCTGA,SA505,TCATCGAG,,
3050,3050,,,SB711,AACGCTGA,SA506,CGTGAGTG,,
3053,3053,,,SB711,AACGCTGA,SA507,GGATATCT,,
3139,3139,,,SB711,AACGCTGA,SA508,GACACCGT,,
3154,3154,,,SB712,CGTAGCGA,SA501,ATCGTACG,,
3160,3160,,,SB712,CGTAGCGA,SA502,ACTATCTG,,
3171,3171,,,SB712,CGTAGCGA,SA503,TAGCGAGT,,
3194,3194,,,SB712,CGTAGCGA,SA504,CTGCGTGT,,
3294,3294,,,SB712,CGTAGCGA,SA505,TCATCGAG,,
3226,3226,,,SB712,CGTAGCGA,SA506,CGTGAGTG,,
3306,3306,,,SB712,CGTAGCGA,SA507,GGATATCT,,
3314,3314,,,SB712,CGTAGCGA,SA508,GACACCGT,,
1521,1521,,,SA701,CGAGAGTT,SB501,CTACTATA,,
1522,1522,,,SA701,CGAGAGTT,SB502,CGTTACTA,,
1529,1529,,,SA701,CGAGAGTT,SB503,AGAGTCAC,,
1530,1530,,,SA701,CGAGAGTT,SB504,TACGAGAC,,
1534,1534,,,SA701,CGAGAGTT,SB505,ACGTCTCG,,
1539,1539,,,SA701,CGAGAGTT,SB506,TCGACGAG,,
1547,1547,,,SA701,CGAGAGTT,SB507,GATCGTGT,,
1550,1550,,,SA701,CGAGAGTT,SB508,GTCAGATA,,
1557,1557,,,SA702,GACATAGT,SB501,CTACTATA,,
1570,1570,,,SA702,GACATAGT,SB502,CGTTACTA,,
1576,1576,,,SA702,GACATAGT,SB503,AGAGTCAC,,
1584,1584,,,SA702,GACATAGT,SB504,TACGAGAC,,
1595,1595,,,SA702,GACATAGT,SB505,ACGTCTCG,,
1618,1618,,,SA702,GACATAGT,SB506,TCGACGAG,,
1633,1633,,,SA702,GACATAGT,SB507,GATCGTGT,,
1658,1658,,,SA702,GACATAGT,SB508,GTCAGATA,,
1665,1665,,,SA703,ACGCTACT,SB501,CTACTATA,,
1666,1666,,,SA703,ACGCTACT,SB502,CGTTACTA,,
1671,1671,,,SA703,ACGCTACT,SB503,AGAGTCAC,,
1674,1674,,,SA703,ACGCTACT,SB504,TACGAGAC,,
1680,1680,,,SA703,ACGCTACT,SB505,ACGTCTCG,,
2353,2353,,,SA703,ACGCTACT,SB506,TCGACGAG,,
2361,2361,,,SA703,ACGCTACT,SB507,GATCGTGT,,
2465,2465,,,SA703,ACGCTACT,SB508,GTCAGATA,,
3018,3018,,,SA704,ACTCACTG,SB501,CTACTATA,,
3037,3037,,,SA704,ACTCACTG,SB502,CGTTACTA,,
3041,3041,,,SA704,ACTCACTG,SB503,AGAGTCAC,,
3043,3043,,,SA704,ACTCACTG,SB504,TACGAGAC,,
3056,3056,,,SA704,ACTCACTG,SB505,ACGTCTCG,,
3058,3058,,,SA704,ACTCACTG,SB506,TCGACGAG,,
3064,3064,,,SA704,ACTCACTG,SB507,GATCGTGT,,
3066,3066,,,SA704,ACTCACTG,SB508,GTCAGATA,,
3079,3079,,,SA705,TGAGTACG,SB501,CTACTATA,,
3106,3106,,,SA705,TGAGTACG,SB502,CGTTACTA,,
3129,3129,,,SA705,TGAGTACG,SB503,AGAGTCAC,,
3130,3130,,,SA705,TGAGTACG,SB504,TACGAGAC,,
3166,3166,,,SA705,TGAGTACG,SB505,ACGTCTCG,,
3190,3190,,,SA705,TGAGTACG,SB506,TCGACGAG,,
3210,3210,,,SA705,TGAGTACG,SB507,GATCGTGT,,
3237,3237,,,SA705,TGAGTACG,SB508,GTCAGATA,,
3260,3260,,,SA706,CTGCGTAG,SB501,CTACTATA,,
3267,3267,,,SA706,CTGCGTAG,SB502,CGTTACTA,,
3287,3287,,,SA706,CTGCGTAG,SB503,AGAGTCAC,,
3305,3305,,,SA706,CTGCGTAG,SB504,TACGAGAC,,
3309,3309,,,SA706,CTGCGTAG,SB505,ACGTCTCG,,
3319,3319,,,SA706,CTGCGTAG,SB506,TCGACGAG,,
3329,3329,,,SA706,CTGCGTAG,SB507,GATCGTGT,,
3331,3331,,,SA706,CTGCGTAG,SB508,GTCAGATA,,
697,697,,,SA707,TAGTCTCC,SB501,CTACTATA,,
1491,1491,,,SA707,TAGTCTCC,SB502,CGTTACTA,,
1553,1553,,,SA707,TAGTCTCC,SB503,AGAGTCAC,,
1559,1559,,,SA707,TAGTCTCC,SB504,TACGAGAC,,
1561,1561,,,SA707,TAGTCTCC,SB505,ACGTCTCG,,
1573,1573,,,SA707,TAGTCTCC,SB506,TCGACGAG,,
1580,1580,,,SA707,TAGTCTCC,SB507,GATCGTGT,,
1644,1644,,,SA707,TAGTCTCC,SB508,GTCAGATA,,
1647,1647,,,SA708,CGAGCGAC,SB501,CTACTATA,,
1754,1754,,,SA708,CGAGCGAC,SB502,CGTTACTA,,
2015,2015,,,SA708,CGAGCGAC,SB503,AGAGTCAC,,
2187,2187,,,SA708,CGAGCGAC,SB504,TACGAGAC,,
2194,2194,,,SA708,CGAGCGAC,SB505,ACGTCTCG,,
2204,2204,,,SA708,CGAGCGAC,SB506,TCGACGAG,,
2217,2217,,,SA708,CGAGCGAC,SB507,GATCGTGT,,
2233,2233,,,SA708,CGAGCGAC,SB508,GTCAGATA,,
2234,2234,,,SA709,ACTACGAC,SB501,CTACTATA,,
2240,2240,,,SA709,ACTACGAC,SB502,CGTTACTA,,
2242,2242,,,SA709,ACTACGAC,SB503,AGAGTCAC,,
2249,2249,,,SA709,ACTACGAC,SB504,TACGAGAC,,
2251,2251,,,SA709,ACTACGAC,SB505,ACGTCTCG,,
2261,2261,,,SA709,ACTACGAC,SB506,TCGACGAG,,
2262,2262,,,SA709,ACTACGAC,SB507,GATCGTGT,,
2274,2274,,,SA709,ACTACGAC,SB508,GTCAGATA,,
2282,2282,,,SA710,GTCTGCTA,SB501,CTACTATA,,
2291,2291,,,SA710,GTCTGCTA,SB502,CGTTACTA,,
2308,2308,,,SA710,GTCTGCTA,SB503,AGAGTCAC,,
2312,2312,,,SA710,GTCTGCTA,SB504,TACGAGAC,,
2323,2323,,,SA710,GTCTGCTA,SB505,ACGTCTCG,,
2324,2324,,,SA710,GTCTGCTA,SB506,TCGACGAG,,
2333,2333,,,SA710,GTCTGCTA,SB507,GATCGTGT,,
2340,2340,,,SA710,GTCTGCTA,SB508,GTCAGATA,,
2347,2347,,,SA711,GTCTATGA,SB501,CTACTATA,,
2356,2356,,,SA711,GTCTATGA,SB502,CGTTACTA,,
2399,2399,,,SA711,GTCTATGA,SB503,AGAGTCAC,,
2416,2416,,,SA711,GTCTATGA,SB504,TACGAGAC,,
2430,2430,,,SA711,GTCTATGA,SB505,ACGTCTCG,,
2435,2435,,,SA711,GTCTATGA,SB506,TCGACGAG,,
2439,2439,,,SA711,GTCTATGA,SB507,GATCGTGT,,
2473,2473,,,SA711,GTCTATGA,SB508,GTCAGATA,,
2474,2474,,,SA712,TATAGCGA,SB501,CTACTATA,,
2490,2490,,,SA712,TATAGCGA,SB502,CGTTACTA,,
2504,2504,,,SA712,TATAGCGA,SB503,AGAGTCAC,,
2505,2505,,,SA712,TATAGCGA,SB504,TACGAGAC,,
2507,2507,,,SA712,TATAGCGA,SB505,ACGTCTCG,,
2513,2513,,,SA712,TATAGCGA,SB506,TCGACGAG,,
3249,3249,,,SA712,TATAGCGA,SB507,GATCGTGT,,
3256,3256,,,SA712,TATAGCGA,SB508,GTCAGATA,,
747,747,,,SB701,CTCGACTT,SB501,CTACTATA,,
1562,1562,,,SB701,CTCGACTT,SB502,CGTTACTA,,
1565,1565,,,SB701,CTCGACTT,SB503,AGAGTCAC,,
1574,1574,,,SB701,CTCGACTT,SB504,TACGAGAC,,
1583,1583,,,SB701,CTCGACTT,SB505,ACGTCTCG,,
1593,1593,,,SB701,CTCGACTT,SB506,TCGACGAG,,
1626,1626,,,SB701,CTCGACTT,SB507,GATCGTGT,,
1630,1630,,,SB701,CTCGACTT,SB508,GTCAGATA,,
1637,1637,,,SB702,CGAAGTAT,SB501,CTACTATA,,
1645,1645,,,SB702,CGAAGTAT,SB502,CGTTACTA,,
1662,1662,,,SB702,CGAAGTAT,SB503,AGAGTCAC,,
1670,1670,,,SB702,CGAAGTAT,SB504,TACGAGAC,,
1678,1678,,,SB702,CGAAGTAT,SB505,ACGTCTCG,,
1701,1701,,,SB702,CGAAGTAT,SB506,TCGACGAG,,
1707,1707,,,SB702,CGAAGTAT,SB507,GATCGTGT,,
1719,1719,,,SB702,CGAAGTAT,SB508,GTCAGATA,,
1730,1730,,,SB703,TAGCAGCT,SB501,CTACTATA,,
1740,1740,,,SB703,TAGCAGCT,SB502,CGTTACTA,,
1759,1759,,,SB703,TAGCAGCT,SB503,AGAGTCAC,,
1776,1776,,,SB703,TAGCAGCT,SB504,TACGAGAC,,
1864,1864,,,SB703,TAGCAGCT,SB505,ACGTCTCG,,
1976,1976,,,SB703,TAGCAGCT,SB506,TCGACGAG,,
2032,2032,,,SB703,TAGCAGCT,SB507,GATCGTGT,,
2168,2168,,,SB703,TAGCAGCT,SB508,GTCAGATA,,
2190,2190,,,SB704,TCTCTATG,SB501,CTACTATA,,
2196,2196,,,SB704,TCTCTATG,SB502,CGTTACTA,,
2216,2216,,,SB704,TCTCTATG,SB503,AGAGTCAC,,
2247,2247,,,SB704,TCTCTATG,SB504,TACGAGAC,,
2295,2295,,,SB704,TCTCTATG,SB505,ACGTCTCG,,
2313,2313,,,SB704,TCTCTATG,SB506,TCGACGAG,,
2318,2318,,,SB704,TCTCTATG,SB507,GATCGTGT,,
2331,2331,,,SB704,TCTCTATG,SB508,GTCAGATA,,
2362,2362,,,SB705,GATCTACG,SB501,CTACTATA,,
2363,2363,,,SB705,GATCTACG,SB502,CGTTACTA,,
2367,2367,,,SB705,GATCTACG,SB503,AGAGTCAC,,
2372,2372,,,SB705,GATCTACG,SB504,TACGAGAC,,
2378,2378,,,SB705,GATCTACG,SB505,ACGTCTCG,,
2381,2381,,,SB705,GATCTACG,SB506,TCGACGAG,,
2401,2401,,,SB705,GATCTACG,SB507,GATCGTGT,,
2403,2403,,,SB705,GATCTACG,SB508,GTCAGATA,,
2406,2406,,,SB706,GTAACGAG,SB501,CTACTATA,,
2419,2419,,,SB706,GTAACGAG,SB502,CGTTACTA,,
2434,2434,,,SB706,GTAACGAG,SB503,AGAGTCAC,,
2447,2447,,,SB706,GTAACGAG,SB504,TACGAGAC,,
2448,2448,,,SB706,GTAACGAG,SB505,ACGTCTCG,,
2519,2519,,,SB706,GTAACGAG,SB506,TCGACGAG,,
2170,2170,,,SB706,GTAACGAG,SB507,GATCGTGT,,
3115,3115,,,SB706,GTAACGAG,SB508,GTCAGATA,,
351,351,,,SB707,ACGTGCGC,SB501,CTACTATA,,
397,397,,,SB707,ACGTGCGC,SB502,CGTTACTA,,
679,679,,,SB707,ACGTGCGC,SB503,AGAGTCAC,,
1428,1428,,,SB707,ACGTGCGC,SB504,TACGAGAC,,
1519,1519,,,SB707,ACGTGCGC,SB505,ACGTCTCG,,
1538,1538,,,SB707,ACGTGCGC,SB506,TCGACGAG,,
1545,1545,,,SB707,ACGTGCGC,SB507,GATCGTGT,,
1588,1588,,,SB707,ACGTGCGC,SB508,GTCAGATA,,
1591,1591,,,SB708,ATAGTACC,SB501,CTACTATA,,
1635,1635,,,SB708,ATAGTACC,SB502,CGTTACTA,,
1649,1649,,,SB708,ATAGTACC,SB503,AGAGTCAC,,
1653,1653,,,SB708,ATAGTACC,SB504,TACGAGAC,,
1656,1656,,,SB708,ATAGTACC,SB505,ACGTCTCG,,
1665x,1665x,,,SB708,ATAGTACC,SB506,TCGACGAG,,
1675,1675,,,SB708,ATAGTACC,SB507,GATCGTGT,,
1639,1639,,,SB708,ATAGTACC,SB508,GTCAGATA,,
1700,1700,,,SB709,GCGTATAC,SB501,CTACTATA,,
1717,1717,,,SB709,GCGTATAC,SB502,CGTTACTA,,
1724x,1724x,,,SB709,GCGTATAC,SB503,AGAGTCAC,,
1732,1732,,,SB709,GCGTATAC,SB504,TACGAGAC,,
1799,1799,,,SB709,GCGTATAC,SB505,ACGTCTCG,,
1802,1802,,,SB709,GCGTATAC,SB506,TCGACGAG,,
1807,1807,,,SB709,GCGTATAC,SB507,GATCGTGT,,
1816,1816,,,SB709,GCGTATAC,SB508,GTCAGATA,,
1833,1833,,,SB710,TGCTCGTA,SB501,CTACTATA,,
1876,1876,,,SB710,TGCTCGTA,SB502,CGTTACTA,,
1993,1993,,,SB710,TGCTCGTA,SB503,AGAGTCAC,,
1999,1999,,,SB710,TGCTCGTA,SB504,TACGAGAC,,
2008,2008,,,SB710,TGCTCGTA,SB505,ACGTCTCG,,
2023,2023,,,SB710,TGCTCGTA,SB506,TCGACGAG,,
2268,2268,,,SB710,TGCTCGTA,SB507,GATCGTGT,,
2279,2279,,,SB710,TGCTCGTA,SB508,GTCAGATA,,
2281,2281,,,SB711,AACGCTGA,SB501,CTACTATA,,
2298,2298,,,SB711,AACGCTGA,SB502,CGTTACTA,,
2326,2326,,,SB711,AACGCTGA,SB503,AGAGTCAC,,
2337,2337,,,SB711,AACGCTGA,SB504,TACGAGAC,,
2351,2351,,,SB711,AACGCTGA,SB505,ACGTCTCG,,
2388,2388,,,SB711,AACGCTGA,SB506,TCGACGAG,,
2402,2402,,,SB711,AACGCTGA,SB507,GATCGTGT,,
2428,2428,,,SB711,AACGCTGA,SB508,GTCAGATA,,
2437,2437,,,SB712,CGTAGCGA,SB501,CTACTATA,,
2440,2440,,,SB712,CGTAGCGA,SB502,CGTTACTA,,
2460,2460,,,SB712,CGTAGCGA,SB503,AGAGTCAC,,
2472,2472,,,SB712,CGTAGCGA,SB504,TACGAGAC,,
2489,2489,,,SB712,CGTAGCGA,SB505,ACGTCTCG,,
2497,2497,,,SB712,CGTAGCGA,SB506,TCGACGAG,,
2503,2503,,,SB712,CGTAGCGA,SB507,GATCGTGT,,
3201,3201,,,SB712,CGTAGCGA,SB508,GTCAGATA,,
